COHORT,n,p
exposed,8588,0.1870860927152318
historical,5719,0.12458609271523179
unexposed,31597,0.6883278145695364
